{"cameraMode":{"drawMode":0,"name":"Shaded","section":"Shading Mode"},"sceneLighting":true,"audioPlay":false,"sceneViewState":{"m_AlwaysRefresh":false,"showFog":true,"showSkybox":true,"showFlares":true,"showImageEffects":true,"showParticleSystems":true,"showVisualEffectGraphs":true,"m_FxEnabled":true},"in2DMode":false,"pivot":{"x":0.2667485773563385,"y":1.3607741594314576,"z":-2.5636839866638185},"rotation":{"x":0.025221899151802064,"y":-0.7376930713653565,"z":0.028005274012684823,"w":0.6740837693214417},"size":11.685888290405274,"orthographic":false}